{"metadata":{"usedHelpers":[],"marked":[],"modules":{"imports":[{"source":"meteor/templating","imported":["Template"],"specifiers":[{"kind":"named","imported":"Template","local":"Template"}]},{"source":"./main.html","imported":[],"specifiers":[]}],"exports":{"exported":[],"specifiers":[]}}},"options":{"filename":"/client/main.js","filenameRelative":"/client/main.js","env":{},"retainLines":false,"highlightCode":true,"suppressDeprecationMessages":false,"presets":[],"plugins":[[[],null],[[],null],[[],null],[[],null],[[],null],[[],null],[[],null],[[],{"polyfill":false}],[[],null],[[],null],[[],null],[[],null],[[],null],[[],null],[[],null],[[],null],[[],{"loose":true}],[[],{"loose":true}],[[],null],[[],{"loose":true}],[[],null],[[],null],[[],{"allowTopLevelThis":true,"strict":false,"loose":true}],[[],null],[[],null],[[],null],[[],null],[[],null],[[],{"loose":true}],[[],null],[[],null],[[],null],[[],null],[[],null],[[],null],[[],null],[[],null]],"ignore":[],"code":true,"metadata":true,"ast":false,"comments":true,"compact":false,"minified":false,"sourceMap":true,"sourceMaps":true,"sourceMapTarget":"/client/main.js.map","sourceFileName":"/client/main.js","babelrc":false,"sourceType":"module","moduleIds":false,"passPerPreset":false,"basename":"main"},"ignored":false,"code":"var _templating = require('meteor/templating');\n\nrequire('./main.html');\n\nconsole.log(\"test\");\n\n_templating.Template.createView.events({\n\t'submit form': function () {\n\t\tfunction submitForm(event) {\n\t\t\tevent.preventDefault();\n\t\t\tvar titleVar = event.target.title.value;\n\t\t\tvar urlVar = event.target.url.value;\n\t\t\tvar descriptionVar = event.target.description.value;\n\t\t\tvar createdAtVar = new Date();\n\n\t\t\tconsole.log(\"submit worked\");\n\t\t\tvar currentEntry = {\n\t\t\t\ttitle: titleVar,\n\t\t\t\turl: urlVar,\n\t\t\t\tdescription: descriptionVar,\n\t\t\t\tcreatedAt: createdAtVar\n\t\t\t};\n\n\t\t\tMeteor.call('testMethod', currentEntry);\n\t\t}\n\n\t\treturn submitForm;\n\t}()\n});\n\n_templating.Template.listView.helpers({\n\t'entryTable': function () {\n\t\tfunction entryTable() {\n\t\t\treturn EntriesList;\n\t\t}\n\n\t\treturn entryTable;\n\t}(),\n\n\t'entrySettings': function () {\n\t\tfunction entrySettings() {\n\t\t\treturn {\n\t\t\t\trowsPerPage: 10,\n\t\t\t\tshowFilter: false,\n\t\t\t\tshowNavigation: 'auto',\n\t\t\t\tfields: [{ key: 'title', label: 'Title' }, { key: 'url', label: 'URL' }, { key: 'description', label: 'Description' }]\n\t\t\t};\n\t\t}\n\n\t\treturn entrySettings;\n\t}()\n});","ast":null,"map":{"version":3,"sources":["/client/main.js"],"names":[],"mappings":"AAAA;;AAIA;;AAFA,QAAQ,GAAR,CAAY,MAAZ;;AAKA,qBAAS,UAAT,CAAoB,MAApB,CAA2B;AACzB;sBAAc,OAAO;AACpB,SAAM,cAAN,GADoB;AAEpB,OAAI,WAAW,MAAM,MAAN,CAAa,KAAb,CAAmB,KAAnB,CAFK;AAGpB,OAAI,SAAS,MAAM,MAAN,CAAa,GAAb,CAAiB,KAAjB,CAHO;AAIpB,OAAI,iBAAiB,MAAM,MAAN,CAAa,WAAb,CAAyB,KAAzB,CAJD;AAKpB,OAAI,eAAe,IAAI,IAAJ,EAAf,CALgB;;AAOpB,WAAQ,GAAR,CAAY,eAAZ,EAPoB;AAQpB,OAAI,eAAe;AAClB,WAAO,QAAP;AACA,SAAK,MAAL;AACA,iBAAa,cAAb;AACA,eAAW,YAAX;IAJG,CARgB;;AAepB,UAAO,IAAP,CAAY,YAAZ,EAA0B,YAA1B,EAfoB;;;;IADI;CAA3B;;AAoBA,qBAAS,QAAT,CAAkB,OAAlB,CAA0B;AACzB;AAAc,wBAAU;AACvB,UAAO,WAAP,CADuB;GAAV;;;IAAd;;AAIA;AAAiB,2BAAY;AAC1B,UAAO;AACH,iBAAa,EAAb;AACA,gBAAY,KAAZ;AACA,oBAAgB,MAAhB;AACA,YAAQ,CACJ,EAAE,KAAK,OAAL,EAAc,OAAO,OAAP,EADZ,EAEJ,EAAE,KAAK,KAAL,EAAY,OAAO,KAAP,EAFV,EAGJ,EAAE,KAAK,aAAL,EAAoB,OAAO,aAAP,EAHlB,CAAR;IAJJ,CAD0B;GAAZ;;;IAAjB;CALD","file":"/client/main.js.map","sourcesContent":["import { Template } from 'meteor/templating';\n\nconsole.log(\"test\");\n\nimport './main.html';\n\n\nTemplate.createView.events({\n  'submit form'(event) {\n\t  event.preventDefault();\n\t  var titleVar = event.target.title.value;\n\t  var urlVar = event.target.url.value;\n\t  var descriptionVar = event.target.description.value;\n\t  var createdAtVar = new Date();\n\t  \n\t  console.log(\"submit worked\");\n\t  var currentEntry = {\n\t\t  title: titleVar,\n\t\t  url: urlVar,\n\t\t  description: descriptionVar,\n\t\t  createdAt: createdAtVar\n\t  };\n\t  \n\t  Meteor.call('testMethod', currentEntry);\n  },\n});\n\nTemplate.listView.helpers({\n\t'entryTable': function(){\n\t\treturn EntriesList;\n\t},\n\t\n\t'entrySettings': function () {\n    return {\n        rowsPerPage: 10,\n        showFilter: false,\n        showNavigation: 'auto',\n        fields: [\n            { key: 'title', label: 'Title' },\n            { key: 'url', label: 'URL' },\n            { key: 'description', label: 'Description' }\n        ]\n\t\t};\n\t}\n});"]},"hash":"18b105dcaaefca8e30a6ff0923144ac15c05e9f5"}
