{"metadata":{"usedHelpers":[],"marked":[],"modules":{"imports":[{"source":"meteor/templating","imported":["Template"],"specifiers":[{"kind":"named","imported":"Template","local":"Template"}]},{"source":"./main.html","imported":[],"specifiers":[]}],"exports":{"exported":[],"specifiers":[]}}},"options":{"filename":"/client/main.js","filenameRelative":"/client/main.js","env":{},"retainLines":false,"highlightCode":true,"suppressDeprecationMessages":false,"presets":[],"plugins":[[[],null],[[],null],[[],null],[[],null],[[],null],[[],null],[[],null],[[],{"polyfill":false}],[[],null],[[],null],[[],null],[[],null],[[],null],[[],null],[[],null],[[],null],[[],{"loose":true}],[[],{"loose":true}],[[],null],[[],{"loose":true}],[[],null],[[],null],[[],{"allowTopLevelThis":true,"strict":false,"loose":true}],[[],null],[[],null],[[],null],[[],null],[[],null],[[],{"loose":true}],[[],null],[[],null],[[],null],[[],null],[[],null],[[],null],[[],null],[[],null]],"ignore":[],"code":true,"metadata":true,"ast":false,"comments":true,"compact":false,"minified":false,"sourceMap":true,"sourceMaps":true,"sourceMapTarget":"/client/main.js.map","sourceFileName":"/client/main.js","babelrc":false,"sourceType":"module","moduleIds":false,"passPerPreset":false,"basename":"main"},"ignored":false,"code":"var _templating = require('meteor/templating');\n\nrequire('./main.html');\n\nEntriesList = new Mongo.Collection('entries');\n\n_templating.Template.hello.onCreated(function () {\n\t\tfunction helloOnCreated() {\n\t\t\t\t// counter starts at 0\n\t\t\t\tthis.counter = new ReactiveVar(0);\n\t\t}\n\n\t\treturn helloOnCreated;\n}());\n\n_templating.Template.hello.helpers({\n\t\tcounter: function () {\n\t\t\t\tfunction counter() {\n\t\t\t\t\t\treturn _templating.Template.instance().counter.get();\n\t\t\t\t}\n\n\t\t\t\treturn counter;\n\t\t}()\n});\n\n_templating.Template.createView.events({\n\t\t'click button': function () {\n\t\t\t\tfunction clickButton(event) {\n\t\t\t\t\t\tevent.preventDefault();\n\t\t\t\t\t\tvar titleVar = event.target.title.value;\n\t\t\t\t\t\tvar urlVar = event.target.url.value;\n\t\t\t\t\t\tvar descriptionVar = event.target.description.value;\n\t\t\t\t\t\tvar createdAtVar = new Date();\n\n\t\t\t\t\t\tEntriesList.insert({\n\t\t\t\t\t\t\t\ttitle: titleVar,\n\t\t\t\t\t\t\t\turl: urlVar,\n\t\t\t\t\t\t\t\tdescription: descriptionVar,\n\t\t\t\t\t\t\t\tcreatedAt: createdAtVar\n\t\t\t\t\t\t});\n\t\t\t\t}\n\n\t\t\t\treturn clickButton;\n\t\t}()\n});","ast":null,"map":{"version":3,"sources":["/client/main.js"],"names":[],"mappings":"AAAA;;AAIA;;AAHA,cAAc,IAAI,MAAM,UAAN,CAAiB,SAArB,CAAd;;AAKA,qBAAS,KAAT,CAAe,SAAf;AAAyB,WAAS,cAAT,GAA0B;;AAEjD,SAAK,OAAL,GAAe,IAAI,WAAJ,CAAgB,CAAhB,CAAf,CAFiD;GAA1B;;SAAS;GAAlC;;AAKA,qBAAS,KAAT,CAAe,OAAf,CAAuB;AACrB;uBAAU;AACR,aAAO,qBAAS,QAAT,GAAoB,OAApB,CAA4B,GAA5B,EAAP,CADQ;;;;KADW;CAAvB;;AAMA,qBAAS,UAAT,CAAoB,MAApB,CAA2B;AACzB;yBAAe,OAAO;AACrB,YAAM,cAAN,GADqB;AAErB,UAAI,WAAW,MAAM,MAAN,CAAa,KAAb,CAAmB,KAAnB,CAFM;AAGrB,UAAI,SAAS,MAAM,MAAN,CAAa,GAAb,CAAiB,KAAjB,CAHQ;AAIrB,UAAI,iBAAiB,MAAM,MAAN,CAAa,WAAb,CAAyB,KAAzB,CAJA;AAKrB,UAAI,eAAe,IAAI,IAAJ,EAAf,CALiB;;AAOrB,kBAAY,MAAZ,CAAmB;AAClB,eAAO,QAAP;AACA,aAAK,MAAL;AACA,qBAAa,cAAb;AACA,mBAAW,YAAX;OAJD,EAPqB;;;;KADG;CAA3B","file":"/client/main.js.map","sourcesContent":["import { Template } from 'meteor/templating';\nEntriesList = new Mongo.Collection('entries');\n\n\nimport './main.html';\n\nTemplate.hello.onCreated(function helloOnCreated() {\n  // counter starts at 0\n  this.counter = new ReactiveVar(0);\n});\n\nTemplate.hello.helpers({\n  counter() {\n    return Template.instance().counter.get();\n  },\n});\n\nTemplate.createView.events({\n  'click button'(event) {\n\t  event.preventDefault();\n\t  var titleVar = event.target.title.value;\n\t  var urlVar = event.target.url.value;\n\t  var descriptionVar = event.target.description.value;\n\t  var createdAtVar = new Date();\n\t  \n\t  EntriesList.insert({\n\t\t  title: titleVar,\n\t\t  url: urlVar,\n\t\t  description: descriptionVar,\n\t\t  createdAt: createdAtVar\n\t  });\n  },\n});\n"]},"hash":"21864d66e906935a131957008b681c739fb33dc2"}
