{"metadata":{"usedHelpers":[],"marked":[],"modules":{"imports":[{"source":"meteor/meteor","imported":["Meteor"],"specifiers":[{"kind":"named","imported":"Meteor","local":"Meteor"}]}],"exports":{"exported":[],"specifiers":[]}}},"options":{"filename":"/server/main.js","filenameRelative":"/server/main.js","env":{},"retainLines":false,"highlightCode":true,"suppressDeprecationMessages":false,"presets":[],"plugins":[[[],null],[[],null],[[],null],[[],null],[[],null],[[],null],[[],null],[[],{"polyfill":false}],[[],null],[[],null],[[],null],[[],null],[[],null],[[],null],[[],null],[[],null],[[],{"loose":true}],[[],{"loose":true}],[[],null],[[],{"loose":true}],[[],null],[[],null],[[],{"allowTopLevelThis":true,"strict":false,"loose":true}],[[],null],[[],null],[[],null],[[],null],[[],null],[[],{"loose":true}],[[],null],[[],null],[[],null],[[],null],[[],null],[[],null],[[],null],[[],null]],"ignore":[],"code":true,"metadata":true,"ast":false,"comments":true,"compact":false,"minified":false,"sourceMap":true,"sourceMaps":true,"sourceMapTarget":"/server/main.js.map","sourceFileName":"/server/main.js","babelrc":false,"sourceType":"module","moduleIds":false,"passPerPreset":false,"basename":"main"},"ignored":false,"code":"var _meteor = require(\"meteor/meteor\");\n\n_meteor.Meteor.startup(function () {\n\t// code to run on server at startup\n\n});\n\n_meteor.Meteor.methods({\n\ttestMethod: function () {\n\t\tfunction testMethod(currentEntry) {\n\t\t\t//testing\n\t\t\tconsole.log(\"testing out methods\");\n\t\t}\n\n\t\treturn testMethod;\n\t}()\n});","ast":null,"map":{"version":3,"sources":["/server/main.js"],"names":[],"mappings":"AAAA;;AAGA,eAAO,OAAP,CAAe,YAAM;;;CAAN,CAAf;;AAKA,eAAO,OAAP,CAAe;AACd;AAAY,sBAAS,YAAT,EAAsB;;AAEjC,WAAQ,GAAR,CAAY,qBAAZ,EAFiC;GAAtB;;;IAAZ;CADD","file":"/server/main.js.map","sourcesContent":["import { Meteor } from 'meteor/meteor';\n\n\nMeteor.startup(() => {\n  // code to run on server at startup\n  \n});\n\nMeteor.methods({\n\ttestMethod: function(currentEntry){\n\t\t//testing\n\t\tconsole.log(\"testing out methods\");\n\t}\n});\n"]},"hash":"496054c7e0e01c64c58904edbe9ef810100f5610"}
