{"metadata":{"usedHelpers":[],"marked":[],"modules":{"imports":[{"source":"meteor/templating","imported":["Template"],"specifiers":[{"kind":"named","imported":"Template","local":"Template"}]},{"source":"./main.html","imported":[],"specifiers":[]}],"exports":{"exported":[],"specifiers":[]}}},"options":{"filename":"/client/main.js","filenameRelative":"/client/main.js","env":{},"retainLines":false,"highlightCode":true,"suppressDeprecationMessages":false,"presets":[],"plugins":[[[],null],[[],null],[[],null],[[],null],[[],null],[[],null],[[],null],[[],{"polyfill":false}],[[],null],[[],null],[[],null],[[],null],[[],null],[[],null],[[],null],[[],null],[[],{"loose":true}],[[],{"loose":true}],[[],null],[[],{"loose":true}],[[],null],[[],null],[[],{"allowTopLevelThis":true,"strict":false,"loose":true}],[[],null],[[],null],[[],null],[[],null],[[],null],[[],{"loose":true}],[[],null],[[],null],[[],null],[[],null],[[],null],[[],null],[[],null],[[],null]],"ignore":[],"code":true,"metadata":true,"ast":false,"comments":true,"compact":false,"minified":false,"sourceMap":true,"sourceMaps":true,"sourceMapTarget":"/client/main.js.map","sourceFileName":"/client/main.js","babelrc":false,"sourceType":"module","moduleIds":false,"passPerPreset":false,"basename":"main"},"ignored":false,"code":"var _templating = require('meteor/templating');\n\nrequire('./main.html');\n\nconsole.log(\"test\");\n\n_templating.Template.createView.events({\n\t'submit form': function () {\n\t\tfunction submitForm(event) {\n\t\t\tevent.preventDefault();\n\t\t\tvar titleVar = event.target.title.value;\n\t\t\tvar urlVar = event.target.url.value;\n\t\t\tvar descriptionVar = event.target.description.value;\n\t\t\tvar createdAtVar = new Date();\n\n\t\t\tconsole.log(\"submit worked\");\n\t\t\tEntriesList.insert({\n\t\t\t\ttitle: titleVar,\n\t\t\t\turl: urlVar,\n\t\t\t\tdescription: descriptionVar,\n\t\t\t\tcreatedAt: createdAtVar\n\t\t\t});\n\n\t\t\tMeteor.call('testMethod');\n\t\t}\n\n\t\treturn submitForm;\n\t}()\n});","ast":null,"map":{"version":3,"sources":["/client/main.js"],"names":[],"mappings":"AAAA;;AAIA;;AAFA,QAAQ,GAAR,CAAY,MAAZ;;AAKA,qBAAS,UAAT,CAAoB,MAApB,CAA2B;AACzB;sBAAc,OAAO;AACpB,SAAM,cAAN,GADoB;AAEpB,OAAI,WAAW,MAAM,MAAN,CAAa,KAAb,CAAmB,KAAnB,CAFK;AAGpB,OAAI,SAAS,MAAM,MAAN,CAAa,GAAb,CAAiB,KAAjB,CAHO;AAIpB,OAAI,iBAAiB,MAAM,MAAN,CAAa,WAAb,CAAyB,KAAzB,CAJD;AAKpB,OAAI,eAAe,IAAI,IAAJ,EAAf,CALgB;;AAOpB,WAAQ,GAAR,CAAY,eAAZ,EAPoB;AAQpB,eAAY,MAAZ,CAAmB;AAClB,WAAO,QAAP;AACA,SAAK,MAAL;AACA,iBAAa,cAAb;AACA,eAAW,YAAX;IAJD,EARoB;;AAepB,UAAO,IAAP,CAAY,YAAZ,EAfoB;;;;IADI;CAA3B","file":"/client/main.js.map","sourcesContent":["import { Template } from 'meteor/templating';\n\nconsole.log(\"test\");\n\nimport './main.html';\n\n\nTemplate.createView.events({\n  'submit form'(event) {\n\t  event.preventDefault();\n\t  var titleVar = event.target.title.value;\n\t  var urlVar = event.target.url.value;\n\t  var descriptionVar = event.target.description.value;\n\t  var createdAtVar = new Date();\n\t  \n\t  console.log(\"submit worked\");\n\t  EntriesList.insert({\n\t\t  title: titleVar,\n\t\t  url: urlVar,\n\t\t  description: descriptionVar,\n\t\t  createdAt: createdAtVar\n\t  });\n\t  \n\t  Meteor.call('testMethod');\n  },\n});\n"]},"hash":"5c0c8db2cf1b27ea65e0b288d0ff1e6fbf85443f"}
