{"metadata":{"usedHelpers":[],"marked":[],"modules":{"imports":[{"source":"meteor/templating","imported":["Template"],"specifiers":[{"kind":"named","imported":"Template","local":"Template"}]},{"source":"./main.html","imported":[],"specifiers":[]}],"exports":{"exported":[],"specifiers":[]}}},"options":{"filename":"/client/main.js","filenameRelative":"/client/main.js","env":{},"retainLines":false,"highlightCode":true,"suppressDeprecationMessages":false,"presets":[],"plugins":[[[],null],[[],null],[[],null],[[],null],[[],null],[[],null],[[],null],[[],{"polyfill":false}],[[],null],[[],null],[[],null],[[],null],[[],null],[[],null],[[],null],[[],null],[[],{"loose":true}],[[],{"loose":true}],[[],null],[[],{"loose":true}],[[],null],[[],null],[[],{"allowTopLevelThis":true,"strict":false,"loose":true}],[[],null],[[],null],[[],null],[[],null],[[],null],[[],{"loose":true}],[[],null],[[],null],[[],null],[[],null],[[],null],[[],null],[[],null],[[],null]],"ignore":[],"code":true,"metadata":true,"ast":false,"comments":true,"compact":false,"minified":false,"sourceMap":true,"sourceMaps":true,"sourceMapTarget":"/client/main.js.map","sourceFileName":"/client/main.js","babelrc":false,"sourceType":"module","moduleIds":false,"passPerPreset":false,"basename":"main"},"ignored":false,"code":"var _templating = require('meteor/templating');\n\nrequire('./main.html');\n\nconsole.log(\"test\");\n\n_templating.Template.createView.events({\n\t\t\t\t'submit form': function () {\n\t\t\t\t\t\t\t\tfunction submitForm(event) {\n\t\t\t\t\t\t\t\t\t\t\t\tevent.preventDefault();\n\t\t\t\t\t\t\t\t\t\t\t\tvar titleVar = event.target.title.value;\n\t\t\t\t\t\t\t\t\t\t\t\tvar urlVar = event.target.url.value;\n\t\t\t\t\t\t\t\t\t\t\t\tvar descriptionVar = event.target.description.value;\n\t\t\t\t\t\t\t\t\t\t\t\tvar createdAtVar = new Date();\n\n\t\t\t\t\t\t\t\t\t\t\t\tconsole.log(\"submit worked\");\n\t\t\t\t\t\t\t\t\t\t\t\tEntriesList.insert({\n\t\t\t\t\t\t\t\t\t\t\t\t\t\t\t\ttitle: titleVar,\n\t\t\t\t\t\t\t\t\t\t\t\t\t\t\t\turl: urlVar,\n\t\t\t\t\t\t\t\t\t\t\t\t\t\t\t\tdescription: descriptionVar,\n\t\t\t\t\t\t\t\t\t\t\t\t\t\t\t\tcreatedAt: createdAtVar\n\t\t\t\t\t\t\t\t\t\t\t\t});\n\n\t\t\t\t\t\t\t\t\t\t\t\tMeteor.call('testMethod');\n\t\t\t\t\t\t\t\t}\n\n\t\t\t\t\t\t\t\treturn submitForm;\n\t\t\t\t}()\n});\n\n_templating.Template.listView.entryTable = function () {\n\t\t\t\treturn EntriesList;\n};\n\n_templating.Template.listView.entrySettings = function () {\n\t\t\t\treturn {\n\t\t\t\t\t\t\t\trowsPerPage: 10,\n\t\t\t\t\t\t\t\tshowFilter: false,\n\t\t\t\t\t\t\t\tshowNavigation: 'auto',\n\t\t\t\t\t\t\t\tfields: [{ key: 'title', label: 'Title' }, { key: 'url', label: 'URL' }, { key: 'description', label: 'Description' }]\n\t\t\t\t};\n};","ast":null,"map":{"version":3,"sources":["/client/main.js"],"names":[],"mappings":"AAAA;;AAIA;;AAFA,QAAQ,GAAR,CAAY,MAAZ;;AAKA,qBAAS,UAAT,CAAoB,MAApB,CAA2B;AACzB;4BAAc,OAAO;AACpB,kBAAM,cAAN,GADoB;AAEpB,gBAAI,WAAW,MAAM,MAAN,CAAa,KAAb,CAAmB,KAAnB,CAFK;AAGpB,gBAAI,SAAS,MAAM,MAAN,CAAa,GAAb,CAAiB,KAAjB,CAHO;AAIpB,gBAAI,iBAAiB,MAAM,MAAN,CAAa,WAAb,CAAyB,KAAzB,CAJD;AAKpB,gBAAI,eAAe,IAAI,IAAJ,EAAf,CALgB;;AAOpB,oBAAQ,GAAR,CAAY,eAAZ,EAPoB;AAQpB,wBAAY,MAAZ,CAAmB;AAClB,uBAAO,QAAP;AACA,qBAAK,MAAL;AACA,6BAAa,cAAb;AACA,2BAAW,YAAX;aAJD,EARoB;;AAepB,mBAAO,IAAP,CAAY,YAAZ,EAfoB;;;;OADI;CAA3B;;AAoBA,qBAAS,QAAT,CAAkB,UAAlB,GAA+B,YAAU;AACxC,WAAO,WAAP,CADwC;CAAV;;AAI/B,qBAAS,QAAT,CAAkB,aAAlB,GAAkC,YAAY;AAC1C,WAAO;AACH,qBAAa,EAAb;AACA,oBAAY,KAAZ;AACA,wBAAgB,MAAhB;AACA,gBAAQ,CACJ,EAAE,KAAK,OAAL,EAAc,OAAO,OAAP,EADZ,EAEJ,EAAE,KAAK,KAAL,EAAY,OAAO,KAAP,EAFV,EAGJ,EAAE,KAAK,aAAL,EAAoB,OAAO,aAAP,EAHlB,CAAR;KAJJ,CAD0C;CAAZ","file":"/client/main.js.map","sourcesContent":["import { Template } from 'meteor/templating';\n\nconsole.log(\"test\");\n\nimport './main.html';\n\n\nTemplate.createView.events({\n  'submit form'(event) {\n\t  event.preventDefault();\n\t  var titleVar = event.target.title.value;\n\t  var urlVar = event.target.url.value;\n\t  var descriptionVar = event.target.description.value;\n\t  var createdAtVar = new Date();\n\t  \n\t  console.log(\"submit worked\");\n\t  EntriesList.insert({\n\t\t  title: titleVar,\n\t\t  url: urlVar,\n\t\t  description: descriptionVar,\n\t\t  createdAt: createdAtVar\n\t  });\n\t  \n\t  Meteor.call('testMethod');\n  },\n});\n\nTemplate.listView.entryTable = function(){\n\treturn EntriesList;\n}\n\nTemplate.listView.entrySettings = function () {\n    return {\n        rowsPerPage: 10,\n        showFilter: false,\n        showNavigation: 'auto',\n        fields: [\n            { key: 'title', label: 'Title' },\n            { key: 'url', label: 'URL' },\n            { key: 'description', label: 'Description' }\n        ]\n    };\n}"]},"hash":"6b230e0bb1b6ac5c768bfeff6fe1b25d1f380ba1"}
