{"metadata":{"usedHelpers":[],"marked":[],"modules":{"imports":[{"source":"meteor/meteor","imported":["Meteor"],"specifiers":[{"kind":"named","imported":"Meteor","local":"Meteor"}]}],"exports":{"exported":[],"specifiers":[]}}},"options":{"filename":"/server/main.js","filenameRelative":"/server/main.js","env":{},"retainLines":false,"highlightCode":true,"suppressDeprecationMessages":false,"presets":[],"plugins":[[[],null],[[],null],[[],null],[[],null],[[],null],[[],null],[[],null],[[],{"polyfill":false}],[[],null],[[],null],[[],null],[[],null],[[],null],[[],null],[[],null],[[],null],[[],{"loose":true}],[[],{"loose":true}],[[],null],[[],{"loose":true}],[[],null],[[],null],[[],{"allowTopLevelThis":true,"strict":false,"loose":true}],[[],null],[[],null],[[],null],[[],null],[[],null],[[],{"loose":true}],[[],null],[[],null],[[],null],[[],null],[[],null],[[],null],[[],null],[[],null]],"ignore":[],"code":true,"metadata":true,"ast":false,"comments":true,"compact":false,"minified":false,"sourceMap":true,"sourceMaps":true,"sourceMapTarget":"/server/main.js.map","sourceFileName":"/server/main.js","babelrc":false,"sourceType":"module","moduleIds":false,"passPerPreset":false,"basename":"main"},"ignored":false,"code":"var _meteor = require('meteor/meteor');\n\n_meteor.Meteor.startup(function () {\n\t// code to run on server at startup\n\t_meteor.Meteor.methods({\n\t\t'testMethod': function () {\n\t\t\tfunction testMethod() {\n\t\t\t\tconsole.log(\"success\");\n\t\t\t}\n\n\t\t\treturn testMethod;\n\t\t}()\n\t});\n});","ast":null,"map":{"version":3,"sources":["/server/main.js"],"names":[],"mappings":"AAAA;;AAEA,eAAO,OAAP,CAAe,YAAM;;AAEnB,gBAAO,OAAP,CAAe;AAChB;AAAc,yBAAU;AACvB,YAAQ,GAAR,CAAY,SAAZ,EADuB;IAAV;;;KAAd;EADC,EAFmB;CAAN,CAAf","file":"/server/main.js.map","sourcesContent":["import { Meteor } from 'meteor/meteor';\n\nMeteor.startup(() => {\n  // code to run on server at startup\n  Meteor.methods({\n\t'testMethod': function(){\n\t\tconsole.log(\"success\");\n\t\t}\n\t});\n});\n\n"]},"hash":"8f64ea7b556e8983f8edfb966bb49bfb3fdb4416"}
