{"metadata":{"usedHelpers":[],"marked":[],"modules":{"imports":[{"source":"meteor/meteor","imported":["Meteor"],"specifiers":[{"kind":"named","imported":"Meteor","local":"Meteor"}]}],"exports":{"exported":[],"specifiers":[]}}},"options":{"filename":"/server/main.js","filenameRelative":"/server/main.js","env":{},"retainLines":false,"highlightCode":true,"suppressDeprecationMessages":false,"presets":[],"plugins":[[[],null],[[],null],[[],null],[[],null],[[],null],[[],null],[[],null],[[],{"polyfill":false}],[[],null],[[],null],[[],null],[[],null],[[],null],[[],null],[[],null],[[],null],[[],{"loose":true}],[[],{"loose":true}],[[],null],[[],{"loose":true}],[[],null],[[],null],[[],{"allowTopLevelThis":true,"strict":false,"loose":true}],[[],null],[[],null],[[],null],[[],null],[[],null],[[],{"loose":true}],[[],null],[[],null],[[],null],[[],null],[[],null],[[],null],[[],null],[[],null]],"ignore":[],"code":true,"metadata":true,"ast":false,"comments":true,"compact":false,"minified":false,"sourceMap":true,"sourceMaps":true,"sourceMapTarget":"/server/main.js.map","sourceFileName":"/server/main.js","babelrc":false,"sourceType":"module","moduleIds":false,"passPerPreset":false,"basename":"main"},"ignored":false,"code":"var _meteor = require('meteor/meteor');\n\nEntriesList = new Mongo.Collection('entries');\n\n_meteor.Meteor.startup(function () {\n\t// code to run on server at startup\n\n});\n\n_meteor.Meteor.methods({\n\t'testMethod': function () {\n\t\tfunction testMethod() {\n\t\t\tconsole.log(\"success\");\n\t\t}\n\n\t\treturn testMethod;\n\t}()\n});","ast":null,"map":{"version":3,"sources":["/server/main.js"],"names":[],"mappings":"AAAA;;AACA,cAAc,IAAI,MAAM,UAAN,CAAiB,SAArB,CAAd;;AAEA,eAAO,OAAP,CAAe,YAAM;;;CAAN,CAAf;;AAKA,eAAO,OAAP,CAAe;AACd;AAAc,wBAAU;AACvB,WAAQ,GAAR,CAAY,SAAZ,EADuB;GAAV;;;IAAd;CADD","file":"/server/main.js.map","sourcesContent":["import { Meteor } from 'meteor/meteor';\nEntriesList = new Mongo.Collection('entries');\n\nMeteor.startup(() => {\n  // code to run on server at startup\n  \n});\n\nMeteor.methods({\n\t'testMethod': function(){\n\t\tconsole.log(\"success\");\n\t}\n});\n"]},"hash":"d88f63e4b37aee6b211e5d662e24ab48394e0bc3"}
