{"metadata":{"usedHelpers":[],"marked":[],"modules":{"imports":[{"source":"meteor/templating","imported":["Template"],"specifiers":[{"kind":"named","imported":"Template","local":"Template"}]},{"source":"./main.html","imported":[],"specifiers":[]}],"exports":{"exported":[],"specifiers":[]}}},"options":{"filename":"/client/main.js","filenameRelative":"/client/main.js","env":{},"retainLines":false,"highlightCode":true,"suppressDeprecationMessages":false,"presets":[],"plugins":[[[],null],[[],null],[[],null],[[],null],[[],null],[[],null],[[],null],[[],{"polyfill":false}],[[],null],[[],null],[[],null],[[],null],[[],null],[[],null],[[],null],[[],null],[[],{"loose":true}],[[],{"loose":true}],[[],null],[[],{"loose":true}],[[],null],[[],null],[[],{"allowTopLevelThis":true,"strict":false,"loose":true}],[[],null],[[],null],[[],null],[[],null],[[],null],[[],{"loose":true}],[[],null],[[],null],[[],null],[[],null],[[],null],[[],null],[[],null],[[],null]],"ignore":[],"code":true,"metadata":true,"ast":false,"comments":true,"compact":false,"minified":false,"sourceMap":true,"sourceMaps":true,"sourceMapTarget":"/client/main.js.map","sourceFileName":"/client/main.js","babelrc":false,"sourceType":"module","moduleIds":false,"passPerPreset":false,"basename":"main"},"ignored":false,"code":"var _templating = require('meteor/templating');\n\nrequire('./main.html');\n\nEntriesList = new Mongo.Collection('entries');\n\nconsole.log(\"test\");\n\n_templating.Template.createView.events({\n\t\t'click button': function () {\n\t\t\t\tfunction clickButton(event) {\n\t\t\t\t\t\tevent.preventDefault();\n\t\t\t\t\t\tvar titleVar = event.target.title.value;\n\t\t\t\t\t\tvar urlVar = event.target.url.value;\n\t\t\t\t\t\tvar descriptionVar = event.target.description.value;\n\t\t\t\t\t\tvar createdAtVar = new Date();\n\n\t\t\t\t\t\tconsole.log(\"submit worked\");\n\t\t\t\t\t\tMeteor.call('testMethod');\n\t\t\t\t}\n\n\t\t\t\treturn clickButton;\n\t\t}()\n});","ast":null,"map":{"version":3,"sources":["/client/main.js"],"names":[],"mappings":"AAAA;;AAKA;;AAJA,cAAc,IAAI,MAAM,UAAN,CAAiB,SAArB,CAAd;;AAEA,QAAQ,GAAR,CAAY,MAAZ;;AAKA,qBAAS,UAAT,CAAoB,MAApB,CAA2B;AACzB;yBAAe,OAAO;AACrB,YAAM,cAAN,GADqB;AAErB,UAAI,WAAW,MAAM,MAAN,CAAa,KAAb,CAAmB,KAAnB,CAFM;AAGrB,UAAI,SAAS,MAAM,MAAN,CAAa,GAAb,CAAiB,KAAjB,CAHQ;AAIrB,UAAI,iBAAiB,MAAM,MAAN,CAAa,WAAb,CAAyB,KAAzB,CAJA;AAKrB,UAAI,eAAe,IAAI,IAAJ,EAAf,CALiB;;AAOrB,cAAQ,GAAR,CAAY,eAAZ,EAPqB;AAQrB,aAAO,IAAP,CAAY,YAAZ,EARqB;;;;KADG;CAA3B","file":"/client/main.js.map","sourcesContent":["import { Template } from 'meteor/templating';\nEntriesList = new Mongo.Collection('entries');\n\nconsole.log(\"test\");\n\nimport './main.html';\n\n\nTemplate.createView.events({\n  'click button'(event) {\n\t  event.preventDefault();\n\t  var titleVar = event.target.title.value;\n\t  var urlVar = event.target.url.value;\n\t  var descriptionVar = event.target.description.value;\n\t  var createdAtVar = new Date();\n\t  \n\t  console.log(\"submit worked\");\n\t  Meteor.call('testMethod');\n  },\n});\n"]},"hash":"e692f23244aafe56b6880b1c1cfcfe2c04d26144"}
