{"metadata":{"usedHelpers":[],"marked":[],"modules":{"imports":[{"source":"meteor/meteor","imported":["Meteor"],"specifiers":[{"kind":"named","imported":"Meteor","local":"Meteor"}]}],"exports":{"exported":[],"specifiers":[]}}},"options":{"filename":"/server/main.js","filenameRelative":"/server/main.js","env":{},"retainLines":false,"highlightCode":true,"suppressDeprecationMessages":false,"presets":[],"plugins":[[[],null],[[],null],[[],null],[[],null],[[],null],[[],null],[[],null],[[],{"polyfill":false}],[[],null],[[],null],[[],null],[[],null],[[],null],[[],null],[[],null],[[],null],[[],{"loose":true}],[[],{"loose":true}],[[],null],[[],{"loose":true}],[[],null],[[],null],[[],{"allowTopLevelThis":true,"strict":false,"loose":true}],[[],null],[[],null],[[],null],[[],null],[[],null],[[],{"loose":true}],[[],null],[[],null],[[],null],[[],null],[[],null],[[],null],[[],null],[[],null]],"ignore":[],"code":true,"metadata":true,"ast":false,"comments":true,"compact":false,"minified":false,"sourceMap":true,"sourceMaps":true,"sourceMapTarget":"/server/main.js.map","sourceFileName":"/server/main.js","babelrc":false,"sourceType":"module","moduleIds":false,"passPerPreset":false,"basename":"main"},"ignored":false,"code":"var _meteor = require('meteor/meteor');\n\nEntriesList = new Mongo.Collection('entries');\n\n_meteor.Meteor.startup(function () {\n  // code to run on server at startup\n\n});\n\n_meteor.Meteor.methods({\n  'testMethod': function () {\n    function testMethod() {\n      console.log(\"success\");\n    }\n\n    return testMethod;\n  }()\n});\n\n_meteor.Meteor.publish('entries', function () {\n  return EntriesList.find();\n});","ast":null,"map":{"version":3,"sources":["/server/main.js"],"names":[],"mappings":"AAAA;;AACA,cAAc,IAAI,MAAM,UAAN,CAAiB,SAArB,CAAd;;AAEA,eAAO,OAAP,CAAe,YAAM;;;CAAN,CAAf;;AAKA,eAAO,OAAP,CAAe;AACd;AAAc,0BAAU;AACvB,cAAQ,GAAR,CAAY,SAAZ,EADuB;KAAV;;;KAAd;CADD;;AAMA,eAAO,OAAP,CAAe,SAAf,EAA0B,YAAU;AAChC,SAAO,YAAY,IAAZ,EAAP,CADgC;CAAV,CAA1B","file":"/server/main.js.map","sourcesContent":["import { Meteor } from 'meteor/meteor';\nEntriesList = new Mongo.Collection('entries');\n\nMeteor.startup(() => {\n  // code to run on server at startup\n  \n});\n\nMeteor.methods({\n\t'testMethod': function(){\n\t\tconsole.log(\"success\");\n\t}\n});\n\nMeteor.publish('entries', function(){\n    return EntriesList.find();\n});"]},"hash":"f17c84d98549969309bb0e12aa46e8b47e346ee8"}
